"site","sex","n","hypoplasia_average_mean","hypoplasia_average_sd","hypoplasia_average_median","hypoplasia_average_min","hypoplasia_average_max","calculus_average_mean","calculus_average_sd","calculus_average_median","calculus_average_min","calculus_average_max","attrition_average_mean","attrition_average_sd","attrition_average_median","attrition_average_min","attrition_average_max"
"Kanna","F",19,0.0662907268170426,0.169507651788345,0,0,0.7,0.401629072681704,0.57505247092171,0,0,2,11.1835839598998,8.35556433390831,10.25,0.666666666666667,36
"Kanna","M",24,0.265079365079365,0.475450218269916,0,0,1.66666666666667,0.462121212121212,0.49165474341695,0.25,0,1.2,11.6925,9.12171830759101,10.3833333333334,1,39
"Kanna",NA,7,0.0611111111111112,0.0952579344415681,0,0,0.2,0.194444444444445,0.400231414540619,0,0,1,8.75555555555555,5.84019279235299,9.96666666666665,2,17
"Nagabaka","F",22,0.17512790240063,0.31218745756388,0,0,1,0.0927685950413223,0.236183160747999,0,0,1,14.3418732782369,8.00530775716502,12.5,3,35.5
"Nagabaka","M",28,0.152380952380952,0.267149859852195,0,0,1,0.26547619047619,0.488874957928708,0,0,2,19.7964285714286,9.52686434935786,18.75,3.5,40
"Nagabaka",NA,5,0.1,0.14142135623731,0.1,0,0.2,0.333333333333333,0.577350269189626,0,0,1,15.7333333333333,5.46015872785154,13.2,12,22
"Yatchi","F",25,0.189009139009139,0.193714315626054,0.15,0,0.6,0.390160533910534,0.486901791859392,0.166666666666667,0,1.5,6.96849639249639,4.18452571271284,6.27272727272727,3,24
"Yatchi","M",24,0.319245006201528,0.262850574016689,0.3,0,1,0.548839796567069,0.47592286037742,0.4,0,1.45454545454545,5.48107263107263,2.14955438998018,5.5,2.5,9.2
